{"cameraMode":{"drawMode":0,"name":"Shaded","section":"Shading Mode"},"sceneLighting":false,"audioPlay":false,"sceneViewState":{"showFog":true,"showMaterialUpdate":false,"showSkybox":true,"showFlares":true,"showImageEffects":true,"showParticleSystems":true},"in2DMode":false,"pivot":{"x":3.151667594909668,"y":2.41015625,"z":54.73681640625},"rotation":{"x":0.7561415433883667,"y":0.0009815958328545094,"z":-0.001134222256951034,"w":0.6544061303138733},"size":16.113542556762697,"orthographic":true}