{"cameraMode":{"drawMode":0,"name":"Shaded","section":"Shading Mode"},"sceneLighting":false,"audioPlay":false,"sceneViewState":{"showFog":true,"showMaterialUpdate":false,"showSkybox":false,"showFlares":true,"showImageEffects":true,"showParticleSystems":true},"in2DMode":false,"pivot":{"x":2.676518440246582,"y":3.0,"z":263.4769287109375},"rotation":{"x":-0.7672411799430847,"y":0.001085916068404913,"z":-0.001459304941818118,"w":-0.6414128541946411},"size":1.2247449159622193,"orthographic":true}