{"cameraMode":{"drawMode":0,"name":"Shaded","section":"Shading Mode"},"sceneLighting":false,"audioPlay":false,"sceneViewState":{"showFog":true,"showMaterialUpdate":false,"showSkybox":false,"showFlares":true,"showImageEffects":true,"showParticleSystems":true},"in2DMode":false,"pivot":{"x":0.15559667348861695,"y":0.8837273120880127,"z":11.358830451965332},"rotation":{"x":-0.4909232556819916,"y":0.3313942551612854,"z":-0.2090468853712082,"w":-0.7781527638435364},"size":1.2247449159622193,"orthographic":false}