{"cameraMode":{"drawMode":0,"name":"Shaded","section":"Shading Mode"},"sceneLighting":false,"audioPlay":false,"sceneViewState":{"showFog":true,"showMaterialUpdate":false,"showSkybox":false,"showFlares":true,"showImageEffects":true,"showParticleSystems":true},"in2DMode":false,"pivot":{"x":4.980000019073486,"y":0.6000000238418579,"z":7.110000133514404},"rotation":{"x":-0.0071240379475057129,"y":0.7144667506217957,"z":-0.6996209621429443,"w":-0.0073049357160925869},"size":0.7462792992591858,"orthographic":true}